record_number,date,rain_mm,avg_temp,avg_humidity,avg_wind_speed
1,01-Apr-21,0.0,33.15,19.7,5.15
2,02-Apr-21,0.0,31.950000000000003,18.65,5.6
3,03-Apr-21,0.0,30.549999999999997,23.9,4.7
4,04-Apr-21,0.0,30.6,18.55,3.15
5,05-Apr-21,0.0,31.400000000000002,27.200000000000003,3.15
6,06-Apr-21,0.0,32.05,45.7,3.3499999999999996
7,07-Apr-21,0.0,31.35,43.0,2.1
8,08-Apr-21,0.0,32.85,31.900000000000002,1.8
9,09-Apr-21,0.0,33.349999999999994,31.0,6.6
10,10-Apr-21,0.0,32.45,42.0,4.75
11,11-Apr-21,0.8,30.599999999999998,57.95,10.7
12,12-Apr-21,0.0,27.299999999999997,64.05,0.9
13,13-Apr-21,0.0,29.85,37.3,1.55
14,14-Apr-21,0.0,29.35,52.3,2.4
15,15-Apr-21,0.0,28.55,50.300000000000004,6.65
16,16-Apr-21,0.0,28.950000000000003,43.95,15.05
17,17-Apr-21,0.0,31.85,38.7,1.85
18,18-Apr-21,0.0,31.450000000000003,36.2,3.25
19,19-Apr-21,0.0,33.8,36.95,6.050000000000001
20,20-Apr-21,0.0,32.650000000000006,32.9,1.0
21,21-Apr-21,0.0,34.15,41.65,5.35
22,22-Apr-21,0.0,31.700000000000003,49.150000000000006,2.45
23,23-Apr-21,0.0,31.799999999999997,38.25,2.85
24,24-Apr-21,0.0,32.0,35.15,3.05
25,25-Apr-21,0.0,31.9,27.95,4.3
26,26-Apr-21,0.0,35.1,30.25,1.25
27,27-Apr-21,0.0,31.85,35.65,1.8
28,28-Apr-21,0.0,33.25,28.6,2.9
29,29-Apr-21,0.0,32.7,26.5,2.1999999999999997
30,30-Apr-21,0.0,33.5,33.75,2.6
31,01-Apr-21,0.0,32.900000000000006,31.0,1.55
32,02-Apr-21,0.0,33.25,24.8,1.9
33,03-Apr-21,0.0,30.6,20.8,5.3
34,04-Apr-21,0.0,30.15,17.900000000000002,1.7
35,05-Apr-21,0.0,31.95,24.5,4.05
36,06-Apr-21,0.0,32.15,40.1,2.95
37,07-Apr-21,0.0,34.55,40.3,3.35
38,08-Apr-21,0.0,34.2,34.6,1.85
39,09-Apr-21,0.0,33.95,32.1,4.4
40,10-Apr-21,0.0,33.9,38.050000000000004,2.75
41,11-Apr-21,4.4,30.65,51.25,5.7
42,12-Apr-21,0.0,27.65,63.599999999999994,2.2
43,13-Apr-21,0.0,31.95,44.0,2.65
44,14-Apr-21,3.5,31.049999999999997,44.75,2.55
45,15-Apr-21,0.0,29.85,49.3,2.95
46,16-Apr-21,0.0,29.1,42.949999999999996,2.9
47,17-Apr-21,0.0,32.5,34.45,3.1
48,18-Apr-21,0.0,32.15,34.85,3.05
49,19-Apr-21,0.0,34.55,32.800000000000004,2.0
50,20-Apr-21,0.0,33.9,28.2,1.9
51,21-Apr-21,0.0,35.0,37.9,3.9
52,22-Apr-21,0.0,33.0,38.199999999999996,2.75
53,23-Apr-21,0.0,32.1,35.0,2.1
54,24-Apr-21,0.0,31.8,34.65,2.0
55,25-Apr-21,0.0,33.05,26.15,2.85
56,26-Apr-21,0.0,35.55,31.8,2.75
57,27-Apr-21,2.5,33.85,37.4,4.9
58,28-Apr-21,0.0,34.3,31.45,2.8
59,29-Apr-21,0.0,33.75,32.15,2.45
60,30-Apr-21,0.0,35.65,36.6,4.15
61,01-Apr-21,0.0,31.5,31.5,5.8
62,02-Apr-21,0.0,31.25,26.65,8.5
63,03-Apr-21,0.0,30.349999999999998,31.05,4.95
64,04-Apr-21,0.0,30.9,35.55,5.4
65,05-Apr-21,0.0,30.55,38.5,6.25
66,06-Apr-21,0.0,31.2,44.25,5.3
67,07-Apr-21,0.0,31.95,48.949999999999996,7.25
68,08-Apr-21,0.0,31.0,41.599999999999994,4.4
69,09-Apr-21,0.0,29.8,41.15,7.45
70,10-Apr-21,0.0,30.549999999999997,48.1,7.7
71,11-Apr-21,0.0,29.9,52.900000000000006,8.05
72,12-Apr-21,0.0,26.299999999999997,65.5,5.55
73,13-Apr-21,0.0,29.05,48.45,5.45
74,14-Apr-21,0.0,29.3,51.25,11.15
75,15-Apr-21,0.7,27.25,51.699999999999996,9.65
76,16-Apr-21,0.0,27.799999999999997,43.5,3.95
77,17-Apr-21,0.0,28.35,43.35,5.95
78,18-Apr-21,0.0,29.7,42.5,5.55
79,19-Apr-21,0.0,31.599999999999998,36.75,5.6499999999999995
80,20-Apr-21,0.0,32.05,32.75,5.5
81,21-Apr-21,0.0,32.400000000000006,43.4,9.35
82,22-Apr-21,0.0,29.15,45.15,6.75
83,23-Apr-21,0.0,30.35,38.0,4.35
84,24-Apr-21,0.0,28.5,38.1,4.55
85,25-Apr-21,0.0,29.85,37.05,5.699999999999999
86,26-Apr-21,0.0,34.7,30.849999999999998,4.75
87,27-Apr-21,1.3,31.7,40.5,9.55
88,28-Apr-21,0.0,31.450000000000003,36.65,6.55
89,29-Apr-21,0.0,31.5,35.65,4.95
90,30-Apr-21,0.0,32.65,38.65,9.6
91,01-Apr-21,0.0,34.05,27.7,7.55
92,02-Apr-21,0.0,31.95,25.450000000000003,8.15
93,03-Apr-21,0.0,31.3,19.8,5.0
94,04-Apr-21,0.0,31.3,20.95,5.3
95,05-Apr-21,0.0,32.25,32.05,4.15
96,06-Apr-21,0.0,32.75,39.75,6.35
97,07-Apr-21,0.0,32.900000000000006,44.1,8.35
98,08-Apr-21,0.0,33.9,38.95,7.75
99,09-Apr-21,0.0,34.7,32.25,10.6
100,10-Apr-21,0.0,34.1,42.55,7.6
101,11-Apr-21,0.5,30.6,62.1,7.6
102,12-Apr-21,0.0,27.65,66.25,8.7
103,13-Apr-21,0.0,31.5,43.3,9.55
104,14-Apr-21,2.3,31.9,43.65,7.15
105,15-Apr-21,2.5,29.9,49.7,10.65
106,16-Apr-21,0.0,28.75,37.6,7.4
107,17-Apr-21,0.0,32.05,35.2,8.05
108,18-Apr-21,0.0,31.45,32.9,7.85
109,19-Apr-21,0.0,35.05,31.900000000000002,8.9
110,20-Apr-21,0.0,33.95,30.049999999999997,6.65
111,21-Apr-21,0.0,35.150000000000006,42.6,11.5
112,22-Apr-21,0.0,31.4,43.75,11.2
113,23-Apr-21,0.0,32.0,36.35,6.9
114,24-Apr-21,0.0,31.95,36.65,5.85
115,25-Apr-21,0.0,32.650000000000006,29.349999999999998,8.2
116,26-Apr-21,0.0,35.8,30.299999999999997,6.05
117,27-Apr-21,0.0,33.849999999999994,36.7,13.5
118,28-Apr-21,0.0,35.25,26.35,8.55
119,29-Apr-21,0.0,33.75,27.35,8.95
120,30-Apr-21,0.0,35.65,32.25,12.0
121,01-Apr-21,0.0,32.15,30.1,0.75
122,02-Apr-21,0.0,31.95,29.25,1.1
123,03-Apr-21,0.0,31.35,26.15,0.95
124,04-Apr-21,0.0,31.1,25.15,0.75
125,05-Apr-21,0.0,31.65,25.15,0.75
126,06-Apr-21,0.0,31.9,35.85,2.4
127,07-Apr-21,0.0,33.1,41.3,2.6
128,08-Apr-21,0.0,32.7,32.5,1.45
129,09-Apr-21,0.0,33.0,31.6,2.3
130,10-Apr-21,0.0,33.55,42.4,2.8000000000000003
131,11-Apr-21,3.0,31.35,55.35,3.4499999999999997
132,12-Apr-21,0.0,26.849999999999998,63.75,0.2
133,13-Apr-21,0.0,31.0,45.0,1.05
134,14-Apr-21,1.3,31.35,47.3,2.65
135,15-Apr-21,0.0,28.900000000000002,51.8,1.95
136,16-Apr-21,0.0,28.549999999999997,41.15,1.3
137,17-Apr-21,0.0,31.7,33.05,1.55
138,18-Apr-21,0.0,31.45,29.55,1.5
139,19-Apr-21,0.0,33.15,28.25,1.0
140,20-Apr-21,0.0,33.4,28.15,1.15
141,21-Apr-21,0.0,35.25,41.55,3.0999999999999996
142,22-Apr-21,0.0,31.6,40.0,1.05
143,23-Apr-21,0.0,31.45,31.25,1.05
144,24-Apr-21,0.0,30.35,28.65,1.2
145,25-Apr-21,0.0,31.25,28.1,0.85
146,26-Apr-21,0.0,34.400000000000006,27.049999999999997,0.95
147,27-Apr-21,0.0,32.95,34.25,2.1
148,28-Apr-21,0.0,34.5,28.05,1.6500000000000001
149,29-Apr-21,0.0,33.05,28.2,1.8
150,30-Apr-21,0.0,35.55,30.7,3.05
151,01-Apr-21,0.0,31.799999999999997,29.5,8.4
152,02-Apr-21,0.0,31.4,28.950000000000003,13.25
153,03-Apr-21,0.0,29.950000000000003,31.0,7.1
154,04-Apr-21,0.0,31.1,30.15,9.25
155,05-Apr-21,0.0,30.5,36.95,11.75
156,06-Apr-21,0.0,31.2,42.300000000000004,7.6
157,07-Apr-21,0.0,31.75,45.35,12.9
158,08-Apr-21,0.0,30.450000000000003,42.05,6.9
159,09-Apr-21,0.0,30.099999999999998,36.849999999999994,12.3
160,10-Apr-21,0.0,31.0,44.8,15.1
161,11-Apr-21,10.8,29.2,59.599999999999994,13.6
162,12-Apr-21,0.0,26.2,65.05000000000001,11.5
163,13-Apr-21,0.0,29.3,53.4,10.25
164,14-Apr-21,1.6,29.85,54.0,26.05
165,15-Apr-21,0.3,27.8,50.35,12.95
166,16-Apr-21,0.0,27.5,46.8,5.75
167,17-Apr-21,0.0,28.95,42.85,11.2
168,18-Apr-21,0.0,29.45,46.4,7.3
169,19-Apr-21,0.0,33.2,34.55,11.05
170,20-Apr-21,0.0,32.05,32.9,9.45
171,21-Apr-21,0.0,32.55,46.2,19.1
172,22-Apr-21,0.0,29.85,46.45,11.45
173,23-Apr-21,0.0,31.099999999999998,37.45,7.5
174,24-Apr-21,0.0,29.25,39.349999999999994,9.05
175,25-Apr-21,0.0,31.75,32.4,7.95
176,26-Apr-21,0.0,34.1,31.8,8.05
177,27-Apr-21,0.4,32.75,37.4,11.450000000000001
178,28-Apr-21,0.0,33.1,33.05,12.05
179,29-Apr-21,0.0,32.4,28.35,9.75
180,30-Apr-21,0.0,32.9,36.2,21.45
181,01-Apr-21,0.0,33.2,29.900000000000002,5.3
182,02-Apr-21,0.0,32.099999999999994,26.4,7.55
183,03-Apr-21,0.0,31.700000000000003,19.3,4.05
184,04-Apr-21,0.0,31.35,31.45,3.0
185,05-Apr-21,0.0,31.6,37.55,2.65
186,06-Apr-21,0.0,31.900000000000002,42.5,3.7
187,07-Apr-21,0.0,32.9,46.45,3.65
188,08-Apr-21,0.0,32.55,43.55,4.65
189,09-Apr-21,0.0,33.05,38.05,6.25
190,10-Apr-21,0.0,31.85,49.35,5.1
191,11-Apr-21,10.8,29.45,60.949999999999996,7.05
192,12-Apr-21,4.0,28.0,69.5,3.1
193,13-Apr-21,0.0,30.1,50.900000000000006,5.55
194,14-Apr-21,0.0,30.849999999999998,50.800000000000004,4.6499999999999995
195,15-Apr-21,0.0,28.6,50.0,6.45
196,16-Apr-21,0.0,28.4,44.95,2.85
197,17-Apr-21,0.0,31.0,43.599999999999994,4.7
198,18-Apr-21,0.0,31.200000000000003,35.65,4.65
199,19-Apr-21,0.0,33.8,37.1,5.3
200,20-Apr-21,0.0,33.25,36.95,2.6
201,21-Apr-21,0.0,33.6,45.7,4.8
202,22-Apr-21,5.0,30.599999999999998,51.0,7.1
203,23-Apr-21,0.0,30.950000000000003,42.8,3.95
204,24-Apr-21,0.0,31.5,41.45,3.4499999999999997
205,25-Apr-21,0.0,32.75,35.05,4.55
206,26-Apr-21,0.0,34.3,35.25,2.5
207,27-Apr-21,0.0,32.55,40.5,5.35
208,28-Apr-21,0.0,33.7,31.5,4.4
209,29-Apr-21,0.0,33.75,30.35,8.5
210,30-Apr-21,0.0,34.9,40.85,6.75
211,01-Apr-21,0.0,31.549999999999997,25.75,3.05
212,02-Apr-21,0.0,32.45,24.5,4.95
213,03-Apr-21,0.0,31.200000000000003,24.15,2.9
214,04-Apr-21,0.0,32.05,18.5,2.3
215,05-Apr-21,0.0,32.400000000000006,37.35,2.9
216,06-Apr-21,0.0,32.25,42.0,3.5
217,07-Apr-21,0.0,33.1,45.25,3.95
218,08-Apr-21,0.0,33.2,42.05,2.55
219,09-Apr-21,0.0,32.85,39.3,4.15
220,10-Apr-21,0.0,31.15,48.05,3.9499999999999997
221,11-Apr-21,1.8,29.6,60.15,3.6
222,12-Apr-21,0.0,26.849999999999998,68.85,2.95
223,13-Apr-21,0.0,30.45,47.300000000000004,2.2
224,14-Apr-21,0.0,30.0,51.7,2.05
225,15-Apr-21,0.6,28.849999999999998,47.15,5.85
226,16-Apr-21,0.0,29.2,43.3,2.25
227,17-Apr-21,0.0,31.55,39.9,2.75
228,18-Apr-21,0.0,30.700000000000003,37.4,3.75
229,19-Apr-21,0.0,33.1,36.35,2.55
230,20-Apr-21,0.0,32.650000000000006,33.349999999999994,2.5
231,21-Apr-21,0.0,33.1,41.95,3.85
232,22-Apr-21,0.0,30.75,44.849999999999994,3.35
233,23-Apr-21,0.0,31.55,38.25,1.95
234,24-Apr-21,0.0,30.25,37.6,1.55
235,25-Apr-21,0.0,32.15,30.25,3.65
236,26-Apr-21,0.0,34.95,33.6,2.7
237,27-Apr-21,2.4,32.849999999999994,39.099999999999994,5.7
238,28-Apr-21,0.0,33.6,30.6,1.0
239,29-Apr-21,0.0,32.15,32.0,1.75
240,30-Apr-21,0.0,33.25,37.7,4.65
241,01-Apr-21,0.0,33.05,25.7,6.8
242,02-Apr-21,0.0,31.3,23.9,10.399999999999999
243,03-Apr-21,0.0,31.3,18.45,6.65
244,04-Apr-21,0.0,32.2,17.65,5.95
245,05-Apr-21,0.0,31.6,37.75,5.6
246,06-Apr-21,0.0,31.5,43.75,7.05
247,07-Apr-21,0.0,31.799999999999997,48.3,7.55
248,08-Apr-21,0.0,32.099999999999994,45.45,5.05
249,09-Apr-21,0.0,31.1,37.55,8.5
250,10-Apr-21,0.0,31.25,49.65,6.9
251,11-Apr-21,2.4,29.400000000000002,58.849999999999994,7.7
252,12-Apr-21,0.0,26.5,67.35,4.65
253,13-Apr-21,0.0,29.55,50.75,5.1
254,14-Apr-21,1.6,29.7,53.900000000000006,5.4
255,15-Apr-21,0.0,27.9,46.55,13.9
256,16-Apr-21,0.0,28.400000000000002,38.5,4.75
257,17-Apr-21,0.0,30.2,39.55,5.3
258,18-Apr-21,0.0,29.65,37.650000000000006,7.85
259,19-Apr-21,0.0,32.75,35.300000000000004,4.5
260,20-Apr-21,0.0,32.95,28.25,6.05
261,21-Apr-21,0.0,32.6,44.25,7.9
262,22-Apr-21,0.0,29.599999999999998,42.5,7.4
263,23-Apr-21,0.0,30.9,39.65,4.8
264,24-Apr-21,0.0,28.8,33.05,3.15
265,25-Apr-21,0.0,30.25,25.599999999999998,7.65
266,26-Apr-21,0.0,33.8,29.55,4.45
267,27-Apr-21,0.0,32.05,31.55,14.4
268,28-Apr-21,0.0,32.45,28.7,1.75
269,29-Apr-21,0.0,32.75,26.9,3.9
270,30-Apr-21,0.0,32.5,38.2,5.85
271,01-Apr-21,0.0,31.35,20.450000000000003,8.5
272,02-Apr-21,0.0,31.950000000000003,15.15,9.8
273,03-Apr-21,0.0,30.95,14.95,8.35
274,04-Apr-21,0.0,30.85,24.65,5.25
275,05-Apr-21,0.0,31.299999999999997,32.45,5.2
276,06-Apr-21,0.0,31.3,42.5,5.35
277,07-Apr-21,0.0,31.1,40.55,0.7
278,08-Apr-21,0.0,32.1,37.35,0.9
279,09-Apr-21,0.0,31.549999999999997,33.85,11.1
280,10-Apr-21,0.0,30.25,44.7,7.05
281,11-Apr-21,9.3,28.700000000000003,58.05,18.95
282,12-Apr-21,0.4,26.75,62.35,1.2
283,13-Apr-21,0.0,29.3,41.65,1.75
284,14-Apr-21,2.8,28.6,50.15,2.65
285,15-Apr-21,0.0,28.200000000000003,39.6,11.5
286,16-Apr-21,0.0,28.15,39.85,28.8
287,17-Apr-21,0.0,30.599999999999998,35.85,2.25
288,18-Apr-21,0.0,30.200000000000003,30.15,5.35
289,19-Apr-21,0.0,32.849999999999994,34.2,10.95
290,20-Apr-21,0.0,32.5,27.6,1.05
291,21-Apr-21,0.0,32.8,34.85,8.55
292,22-Apr-21,4.0,29.700000000000003,44.550000000000004,2.85
293,23-Apr-21,0.0,30.4,34.75,4.7
294,24-Apr-21,0.0,30.75,33.4,5.15
295,25-Apr-21,0.0,30.95,22.5,7.45
296,26-Apr-21,0.0,32.75,28.55,1.1
297,27-Apr-21,3.0,30.0,41.1,1.9
298,28-Apr-21,0.0,31.75,24.55,4.15
299,29-Apr-21,0.0,32.4,22.65,1.15
300,30-Apr-21,0.0,32.1,29.2,1.4
301,01-Apr-21,0.0,32.7,28.299999999999997,2.45
302,02-Apr-21,0.0,32.55,25.6,3.0
303,03-Apr-21,0.0,31.3,23.8,5.3
304,04-Apr-21,0.0,31.3,21.65,1.7
305,05-Apr-21,0.0,32.2,28.2,4.05
306,06-Apr-21,0.0,32.75,36.6,2.95
307,07-Apr-21,0.0,34.5,38.6,5.5
308,08-Apr-21,0.0,34.25,33.3,2.6
309,09-Apr-21,0.0,33.95,31.55,7.45
310,10-Apr-21,0.0,33.7,37.5,4.4
311,11-Apr-21,1.3,31.25,49.15,9.8
312,12-Apr-21,0.0,27.700000000000003,57.9,3.85
313,13-Apr-21,0.0,31.75,42.1,4.4
314,14-Apr-21,0.2,31.65,43.5,4.25
315,15-Apr-21,0.3,29.7,43.9,4.45
316,16-Apr-21,0.0,29.1,38.35,5.15
317,17-Apr-21,0.0,32.400000000000006,31.700000000000003,5.0
318,18-Apr-21,0.0,32.0,29.45,5.5
319,19-Apr-21,0.0,34.5,31.05,3.25
320,20-Apr-21,0.0,34.2,26.849999999999998,3.4
321,21-Apr-21,0.0,34.85,37.4,6.15
322,22-Apr-21,0.0,32.349999999999994,37.0,4.6
323,23-Apr-21,0.0,32.15,30.9,3.55
324,24-Apr-21,0.0,31.9,32.25,3.45
325,25-Apr-21,0.0,33.05,24.45,5.0
326,26-Apr-21,0.0,35.45,28.15,4.75
327,27-Apr-21,1.9,33.5,37.150000000000006,7.75
328,28-Apr-21,0.0,34.9,28.05,4.9
329,29-Apr-21,0.3,33.75,28.1,3.85
330,30-Apr-21,0.0,35.75,31.9,6.6
331,01-Apr-21,0.0,32.7,17.55,1.55
332,02-Apr-21,0.0,33.25,24.8,1.9
333,03-Apr-21,0.0,30.6,20.8,5.3
334,04-Apr-21,0.0,30.15,17.900000000000002,1.7
335,05-Apr-21,0.0,31.95,24.5,4.05
336,06-Apr-21,0.0,31.85,36.25,2.95
337,07-Apr-21,0.0,34.3,39.050000000000004,3.35
338,08-Apr-21,0.0,34.45,30.1,1.85
339,09-Apr-21,0.0,34.650000000000006,26.85,4.4
340,10-Apr-21,0.0,33.2,30.35,2.75
341,11-Apr-21,0.0,31.55,50.05,5.7
342,12-Apr-21,0.0,27.95,50.55,2.2
343,13-Apr-21,0.0,31.150000000000002,33.15,2.65
344,14-Apr-21,4.0,30.849999999999998,35.55,2.55
345,15-Apr-21,12.8,29.9,34.3,2.95
346,16-Apr-21,0.0,28.950000000000003,29.4,2.9
347,17-Apr-21,0.0,31.95,24.95,3.1
348,18-Apr-21,0.0,31.15,26.299999999999997,3.05
349,19-Apr-21,0.0,34.45,31.7,2.0
350,20-Apr-21,0.0,34.6,26.799999999999997,1.9
351,21-Apr-21,0.0,34.85,38.5,3.9
352,22-Apr-21,0.0,32.65,32.35,2.75
353,23-Apr-21,0.0,31.65,27.15,2.1
354,24-Apr-21,0.0,31.65,24.7,2.0
355,25-Apr-21,0.0,32.3,18.45,2.85
356,26-Apr-21,0.0,35.05,20.8,2.75
357,27-Apr-21,2.3,33.3,29.15,4.9
358,28-Apr-21,0.0,34.25,26.65,2.8
359,29-Apr-21,0.0,33.75,22.05,2.45
360,30-Apr-21,0.0,34.65,23.3,4.15
361,01-Apr-21,0.0,31.349999999999998,30.35,7.1
362,02-Apr-21,0.0,31.75,27.65,12.95
363,03-Apr-21,0.0,30.9,20.65,6.1
364,04-Apr-21,0.0,31.5,41.099999999999994,1.2
365,05-Apr-21,0.0,31.200000000000003,42.150000000000006,1.3
366,06-Apr-21,0.0,30.7,47.95,1.9
367,07-Apr-21,0.0,31.6,48.2,0.05
368,08-Apr-21,0.0,31.5,47.65,1.9500000000000002
369,09-Apr-21,0.0,31.450000000000003,43.35,2.45
370,10-Apr-21,0.0,29.799999999999997,54.849999999999994,2.15
371,11-Apr-21,1.7,28.2,64.05,11.2
372,12-Apr-21,1.5,27.049999999999997,75.1,0.05
373,13-Apr-21,0.0,28.75,56.5,1.8
374,14-Apr-21,2.4,28.85,57.050000000000004,2.4499999999999997
375,15-Apr-21,0.0,27.4,51.35,2.5999999999999996
376,16-Apr-21,0.0,27.849999999999998,49.25,0.05
377,17-Apr-21,0.0,29.6,50.800000000000004,1.55
378,18-Apr-21,0.0,30.099999999999998,43.25,1.75
379,19-Apr-21,0.0,31.95,44.1,1.45
380,20-Apr-21,0.0,32.3,43.25,0.1
381,21-Apr-21,0.0,32.05,48.2,0.05
382,22-Apr-21,2.5,28.8,57.75,1.9
383,23-Apr-21,0.0,30.0,50.7,1.2
384,24-Apr-21,0.0,30.400000000000002,47.0,1.3
385,25-Apr-21,0.0,32.55,39.85,1.45
386,26-Apr-21,0.0,33.25,40.400000000000006,0.05
387,27-Apr-21,2.3,31.4,48.15,0.05
388,28-Apr-21,0.0,31.799999999999997,36.65,3.0
389,29-Apr-21,0.0,32.45,33.25,12.85
390,30-Apr-21,0.0,31.8,42.55,5.6
391,01-Apr-21,0.0,32.150000000000006,24.15,6.05
392,02-Apr-21,0.0,30.75,23.299999999999997,9.45
393,03-Apr-21,0.0,29.75,22.5,7.1
394,04-Apr-21,0.0,30.4,30.55,6.5
395,05-Apr-21,0.0,30.25,34.5,4.3
396,06-Apr-21,0.0,31.5,40.9,4.7
397,07-Apr-21,0.0,31.9,44.650000000000006,6.8
398,08-Apr-21,0.0,30.700000000000003,41.6,4.4
399,09-Apr-21,0.0,30.049999999999997,42.45,6.7
400,10-Apr-21,0.0,31.1,41.95,4.5
401,11-Apr-21,4.2,29.0,60.15,5.5
402,12-Apr-21,0.0,25.6,67.85,5.0
403,13-Apr-21,0.0,28.6,41.35,5.9
404,14-Apr-21,3.8,29.450000000000003,53.75,4.1499999999999995
405,15-Apr-21,1.5,27.45,46.95,5.0
406,16-Apr-21,0.0,26.950000000000003,39.650000000000006,6.15
407,17-Apr-21,0.0,29.0,37.0,3.6
408,18-Apr-21,0.0,28.85,38.85,5.75
409,19-Apr-21,0.0,32.7,29.700000000000003,5.15
410,20-Apr-21,0.0,31.700000000000003,27.0,4.65
411,21-Apr-21,0.0,32.2,41.65,5.65
412,22-Apr-21,0.0,29.1,43.85,4.85
413,23-Apr-21,0.0,30.4,40.4,6.6
414,24-Apr-21,0.0,30.55,37.85,3.8
415,25-Apr-21,0.0,31.15,33.7,5.45
416,26-Apr-21,0.0,34.05,33.6,6.9
417,27-Apr-21,0.5,32.0,37.0,6.85
418,28-Apr-21,0.0,33.7,31.25,6.65
419,29-Apr-21,0.0,32.65,26.85,5.35
420,30-Apr-21,0.0,32.85,39.3,6.85
421,01-Apr-21,0.0,31.6,32.7,1.1
422,02-Apr-21,0.0,31.349999999999998,23.45,1.85
423,03-Apr-21,0.0,31.05,34.35,1.7
424,04-Apr-21,0.0,31.05,23.15,0.85
425,05-Apr-21,0.0,31.1,39.3,1.45
426,06-Apr-21,0.0,31.05,47.8,1.2
427,07-Apr-21,0.0,32.35,51.1,0.7
428,08-Apr-21,0.0,31.75,49.75,0.9
429,09-Apr-21,0.0,31.299999999999997,42.150000000000006,1.25
430,10-Apr-21,2.5,31.15,54.55,1.05
431,11-Apr-21,6.3,29.1,64.5,1.45
432,12-Apr-21,0.0,26.75,70.35,1.2
433,13-Apr-21,0.0,29.599999999999998,56.0,1.1
434,14-Apr-21,0.0,30.700000000000003,53.2,0.75
435,15-Apr-21,0.0,28.95,47.8,2.5
436,16-Apr-21,0.0,28.049999999999997,50.2,1.6
437,17-Apr-21,0.0,29.700000000000003,47.85,1.55
438,18-Apr-21,0.0,29.65,47.599999999999994,1.1
439,19-Apr-21,0.0,32.1,43.6,1.45
440,20-Apr-21,0.0,31.65,36.45,1.05
441,21-Apr-21,0.0,33.0,45.65,0.95
442,22-Apr-21,1.0,30.0,54.800000000000004,1.1
443,23-Apr-21,0.0,31.349999999999998,42.45,1.0
444,24-Apr-21,0.0,29.9,43.5,1.25
445,25-Apr-21,0.0,30.4,38.05,1.15
446,26-Apr-21,0.0,33.55,40.45,1.1
447,27-Apr-21,0.0,31.6,43.3,1.9
448,28-Apr-21,0.0,32.5,38.8,1.75
449,29-Apr-21,0.0,32.35,33.65,1.15
450,30-Apr-21,0.0,33.25,41.3,1.4
451,01-Apr-21,0.0,33.25,19.799999999999997,4.05
452,02-Apr-21,0.0,31.25,20.200000000000003,4.85
453,03-Apr-21,0.0,31.25,18.85,3.25
454,04-Apr-21,0.0,30.799999999999997,18.95,1.25
455,05-Apr-21,0.0,31.4,29.65,2.25
456,06-Apr-21,0.0,31.8,41.6,3.05
457,07-Apr-21,0.0,33.7,40.95,3.6
458,08-Apr-21,0.0,34.2,37.35,2.85
459,09-Apr-21,0.0,33.4,32.65,2.75
460,10-Apr-21,0.0,32.85,38.949999999999996,3.9
461,11-Apr-21,0.0,30.75,54.0,1.65
462,12-Apr-21,0.0,28.3,52.75,1.75
463,13-Apr-21,0.0,30.700000000000003,44.4,0.85
464,14-Apr-21,0.0,31.65,42.75,2.7
465,15-Apr-21,0.4,28.549999999999997,47.15,4.35
466,16-Apr-21,0.0,28.75,39.0,2.0
467,17-Apr-21,0.0,31.549999999999997,31.8,1.55
468,18-Apr-21,0.0,31.7,32.25,2.25
469,19-Apr-21,0.0,33.1,30.099999999999998,1.75
470,20-Apr-21,0.0,33.15,24.45,1.55
471,21-Apr-21,0.0,33.7,40.45,2.75
472,22-Apr-21,0.0,31.75,36.65,1.55
473,23-Apr-21,0.0,31.35,28.4,1.5
474,24-Apr-21,0.0,30.9,29.0,1.9
475,25-Apr-21,0.0,32.75,24.65,2.1
476,26-Apr-21,0.0,35.349999999999994,27.6,2.6
477,27-Apr-21,4.1,33.05,36.3,1.45
478,28-Apr-21,0.0,33.95,24.2,1.95
479,29-Apr-21,0.0,33.45,22.15,2.8
480,30-Apr-21,0.0,34.55,27.55,6.65
481,01-Apr-21,0.0,31.75,27.45,6.95
482,02-Apr-21,0.0,32.0,25.4,7.15
483,03-Apr-21,0.0,30.9,29.049999999999997,6.1
484,04-Apr-21,0.0,31.2,28.6,2.3
485,05-Apr-21,0.0,31.45,28.5,2.85
486,06-Apr-21,0.0,32.1,42.5,3.85
487,07-Apr-21,0.0,33.45,42.35,2.4
488,08-Apr-21,0.0,33.15,37.8,4.05
489,09-Apr-21,0.0,32.849999999999994,36.7,3.45
490,10-Apr-21,0.0,32.9,43.2,5.2
491,11-Apr-21,0.1,30.650000000000002,55.150000000000006,9.1
492,12-Apr-21,0.0,27.85,53.2,2.3
493,13-Apr-21,0.0,31.549999999999997,48.0,3.85
494,14-Apr-21,1.0,31.55,49.0,6.3
495,15-Apr-21,2.0,28.75,55.15,7.8
496,16-Apr-21,0.0,29.049999999999997,43.55,4.95
497,17-Apr-21,0.0,31.450000000000003,37.2,4.75
498,18-Apr-21,0.0,31.700000000000003,30.9,5.7
499,19-Apr-21,0.0,33.9,34.95,5.55
500,20-Apr-21,0.0,33.6,29.549999999999997,4.3
501,21-Apr-21,0.0,34.1,42.75,4.4
502,22-Apr-21,0.0,31.15,42.75,6.05
503,23-Apr-21,0.0,31.6,33.0,3.25
504,24-Apr-21,0.0,31.45,35.7,5.3
505,25-Apr-21,0.0,33.2,29.75,4.35
506,26-Apr-21,0.0,34.65,33.7,5.55
507,27-Apr-21,11.1,32.95,43.25,7.4
508,28-Apr-21,0.0,33.25,37.45,2.95
509,29-Apr-21,0.0,33.1,30.5,5.4
510,30-Apr-21,0.0,34.8,35.8,5.95
511,01-Apr-21,0.0,31.549999999999997,31.950000000000003,1.85
512,02-Apr-21,0.0,32.8,24.9,2.0
513,03-Apr-21,0.0,30.85,19.55,5.25
514,04-Apr-21,0.0,31.15,38.050000000000004,3.25
515,05-Apr-21,0.0,31.35,40.3,3.25
516,06-Apr-21,0.0,30.75,49.55,3.6500000000000004
517,07-Apr-21,0.0,31.549999999999997,48.449999999999996,2.0
518,08-Apr-21,0.7,30.5,46.75,1.7
519,09-Apr-21,0.0,31.950000000000003,44.400000000000006,2.1
520,10-Apr-21,0.0,30.35,56.2,1.7999999999999998
521,11-Apr-21,3.2,28.85,63.2,2.95
522,12-Apr-21,2.1,27.35,72.5,1.35
523,13-Apr-21,0.0,28.75,55.5,2.25
524,14-Apr-21,0.0,30.05,54.4,2.65
525,15-Apr-21,0.0,28.75,45.05,3.45
526,16-Apr-21,0.0,28.4,49.0,1.5
527,17-Apr-21,0.0,29.75,47.949999999999996,1.65
528,18-Apr-21,0.0,30.3,45.55,1.7
529,19-Apr-21,0.0,32.65,38.95,1.1
530,20-Apr-21,0.0,32.5,41.45,1.7
531,21-Apr-21,0.0,32.55,43.949999999999996,1.5
532,22-Apr-21,0.0,29.950000000000003,56.550000000000004,1.2
533,23-Apr-21,0.0,30.849999999999998,43.400000000000006,1.15
534,24-Apr-21,0.0,30.25,43.5,1.1
535,25-Apr-21,0.0,30.5,36.95,1.35
536,26-Apr-21,0.0,33.349999999999994,38.75,1.05
537,27-Apr-21,0.6,31.049999999999997,48.1,2.3499999999999996
538,28-Apr-21,0.0,31.7,37.8,1.7
539,29-Apr-21,0.0,32.75,37.5,1.5
540,30-Apr-21,0.0,32.5,40.25,2.0
